Asagraum;Mahlstrom Open Air 2024
EÏS;Mahlstrom Open Air 2024
Gernotshagen;Mahlstrom Open Air 2024
Ignis Fatuu;Mahlstrom Open Air 2024
Mourning Wood;Mahlstrom Open Air 2024
Sarkh;Mahlstrom Open Air 2024
Thjodrörir;Mahlstrom Open Air 2024
Vader;Mahlstrom Open Air 2024
Baumbart;Mahlstrom Open Air 2024
Black Messiah;Mahlstrom Open Air 2024
Horn;Mahlstrom Open Air 2024
Countless Skies;Mahlstrom Open Air 2024
Haggard;Mahlstrom Open Air 2024
Theotoxin;Mahlstrom Open Air 2024
Toter Fisch;Mahlstrom Open Air 2024
Vansind;Mahlstrom Open Air 2024
Waldgeflüster;Mahlstrom Open Air 2024
